label,pooling,layer,best_C,n_train,n_test,accuracy,acc_ci_lo,acc_ci_hi,acc[honest],ci_lo[honest],ci_hi[honest],acc[deceptive],ci_lo[deceptive],ci_hi[deceptive],acc[role_based],ci_lo[role_based],ci_hi[role_based],acc[instructed],ci_lo[instructed],ci_hi[instructed],acc[instrumental],ci_lo[instrumental],ci_hi[instrumental],acc[prosocial],ci_lo[prosocial],ci_hi[prosocial],acc[self_serving],ci_lo[self_serving],ci_hi[self_serving]
behavior,last_token,0,0.001,800,200,0.625,0.555,0.6901249999999999,1.0,1.0,1.0,0.0,0.0,0.0,,,,,,,,,,,,,,,
strategy,last_token,0,0.001,800,200,0.4,0.33487500000000003,0.465,,,,,,,1.0,1.0,1.0,0.0,0.0,0.0,0.0,0.0,0.0,,,,,,
stake_structure,last_token,0,0.001,800,200,0.6,0.535,0.665125,,,,,,,,,,,,,,,,0.0,0.0,0.0,1.0,1.0,1.0
behavior,last_token,1,0.001,800,200,0.715,0.65,0.78,0.728,0.6456639226914818,0.8046922637195122,0.6933333333333334,0.5843885281385282,0.8000657894736842,,,,,,,,,,,,,,,
strategy,last_token,1,0.1,800,200,0.98,0.955,0.995,,,,,,,1.0,1.0,1.0,0.9833333333333333,0.9423007246376811,1.0,0.95,0.8867537890504176,1.0,,,,,,
stake_structure,last_token,1,1.0,800,200,0.99,0.975,1.0,,,,,,,,,,,,,,,,0.9875,0.9605263157894737,1.0,0.9916666666666667,0.9734454013906447,1.0
behavior,last_token,2,0.001,800,200,0.74,0.674875,0.800125,0.792,0.7226890756302521,0.8672965327143478,0.6533333333333333,0.5427472527472527,0.7605633802816901,,,,,,,,,,,,,,,
strategy,last_token,2,0.1,800,200,0.945,0.915,0.975,,,,,,,0.975,0.9374802215189874,1.0,0.95,0.8888888888888888,1.0,0.9,0.8153846153846154,0.9682663690476191,,,,,,
stake_structure,last_token,2,1.0,800,200,0.975,0.955,0.995,,,,,,,,,,,,,,,,0.975,0.9374802215189874,1.0,0.975,0.940677966101695,1.0
behavior,last_token,3,0.001,800,200,0.77,0.71,0.83,0.776,0.7039438596491228,0.8468048387096774,0.76,0.6666666666666666,0.8552631578947368,,,,,,,,,,,,,,,
strategy,last_token,3,0.1,800,200,0.965,0.94,0.99,,,,,,,1.0,1.0,1.0,0.9666666666666667,0.9179986338797814,1.0,0.9166666666666666,0.8412698412698413,0.9818262987012987,,,,,,
stake_structure,last_token,3,1.0,800,200,0.99,0.975,1.0,,,,,,,,,,,,,,,,1.0,1.0,1.0,0.9833333333333333,0.954954954954955,1.0
behavior,last_token,4,0.001,800,200,0.795,0.74,0.85,0.8,0.7293072798274757,0.8682170542635659,0.7866666666666666,0.692283950617284,0.8765474378488077,,,,,,,,,,,,,,,
strategy,last_token,4,10.0,800,200,0.95,0.919875,0.98,,,,,,,1.0,1.0,1.0,0.8833333333333333,0.7930871828236825,0.9636363636363636,0.95,0.8905815972222222,1.0,,,,,,
stake_structure,last_token,4,1.0,800,200,0.995,0.985,1.0,,,,,,,,,,,,,,,,1.0,1.0,1.0,0.9916666666666667,0.9734454013906447,1.0
behavior,last_token,5,0.001,800,200,0.81,0.755,0.86,0.832,0.7679666666666667,0.8976739146138842,0.7733333333333333,0.6799871794871796,0.8656965174129353,,,,,,,,,,,,,,,
strategy,last_token,5,1.0,800,200,0.985,0.965,1.0,,,,,,,1.0,1.0,1.0,0.9833333333333333,0.9411764705882353,1.0,0.9666666666666667,0.9180327868852459,1.0,,,,,,
stake_structure,last_token,5,1.0,800,200,0.99,0.975,1.0,,,,,,,,,,,,,,,,1.0,1.0,1.0,0.9833333333333333,0.954954954954955,1.0
behavior,last_token,6,0.001,800,200,0.825,0.775,0.875,0.84,0.7758580406058653,0.9047806524184476,0.8,0.7120397008055236,0.8875,,,,,,,,,,,,,,,
strategy,last_token,6,1.0,800,200,0.99,0.975,1.0,,,,,,,1.0,1.0,1.0,1.0,1.0,1.0,0.9666666666666667,0.9166666666666666,1.0,,,,,,
stake_structure,last_token,6,0.1,800,200,1.0,1.0,1.0,,,,,,,,,,,,,,,,1.0,1.0,1.0,1.0,1.0,1.0
behavior,last_token,7,0.01,800,200,0.8,0.745,0.855,0.816,0.746028493364559,0.8823644301470588,0.7733333333333333,0.6805555555555556,0.8611111111111112,,,,,,,,,,,,,,,
strategy,last_token,7,10.0,800,200,0.985,0.965,1.0,,,,,,,1.0,1.0,1.0,0.9833333333333333,0.9411764705882353,1.0,0.9666666666666667,0.9107142857142857,1.0,,,,,,
stake_structure,last_token,7,1.0,800,200,1.0,1.0,1.0,,,,,,,,,,,,,,,,1.0,1.0,1.0,1.0,1.0,1.0
behavior,last_token,8,0.001,800,200,0.835,0.785,0.885,0.84,0.7786657559198542,0.9043684407796102,0.8266666666666667,0.7424242424242424,0.9054054054054054,,,,,,,,,,,,,,,
strategy,last_token,8,10.0,800,200,0.985,0.965,1.0,,,,,,,1.0,1.0,1.0,1.0,1.0,1.0,0.95,0.8775420694593626,1.0,,,,,,
stake_structure,last_token,8,0.1,800,200,0.995,0.985,1.0,,,,,,,,,,,,,,,,0.9875,0.9605131578947368,1.0,1.0,1.0,1.0
behavior,last_token,9,0.01,800,200,0.87,0.825,0.91,0.864,0.8066765730682517,0.9206349206349206,0.88,0.8045647258338045,0.9482869142351901,,,,,,,,,,,,,,,
strategy,last_token,9,1.0,800,200,0.995,0.985,1.0,,,,,,,1.0,1.0,1.0,1.0,1.0,1.0,0.9833333333333333,0.9464285714285714,1.0,,,,,,
stake_structure,last_token,9,1.0,800,200,1.0,1.0,1.0,,,,,,,,,,,,,,,,1.0,1.0,1.0,1.0,1.0,1.0
behavior,last_token,10,0.001,800,200,0.87,0.8248749999999999,0.915,0.856,0.7940647058823529,0.9133960086885692,0.8933333333333333,0.8205128205128205,0.9560865191146881,,,,,,,,,,,,,,,
strategy,last_token,10,10.0,800,200,1.0,1.0,1.0,,,,,,,1.0,1.0,1.0,1.0,1.0,1.0,1.0,1.0,1.0,,,,,,
stake_structure,last_token,10,0.1,800,200,1.0,1.0,1.0,,,,,,,,,,,,,,,,1.0,1.0,1.0,1.0,1.0,1.0
behavior,last_token,11,0.001,800,200,0.855,0.805,0.905,0.832,0.7633321862094857,0.8968457067866517,0.8933333333333333,0.8205128205128205,0.9560865191146881,,,,,,,,,,,,,,,
strategy,last_token,11,10.0,800,200,1.0,1.0,1.0,,,,,,,1.0,1.0,1.0,1.0,1.0,1.0,1.0,1.0,1.0,,,,,,
stake_structure,last_token,11,1.0,800,200,0.995,0.985,1.0,,,,,,,,,,,,,,,,1.0,1.0,1.0,0.9916666666666667,0.9734454013906447,1.0
behavior,last_token,12,0.001,800,200,0.87,0.82,0.915,0.848,0.7846120689655173,0.911308064516129,0.9066666666666666,0.837782302850796,0.971830985915493,,,,,,,,,,,,,,,
strategy,last_token,12,10.0,800,200,1.0,1.0,1.0,,,,,,,1.0,1.0,1.0,1.0,1.0,1.0,1.0,1.0,1.0,,,,,,
stake_structure,last_token,12,0.01,800,200,0.995,0.985,1.0,,,,,,,,,,,,,,,,1.0,1.0,1.0,0.9916666666666667,0.9734454013906447,1.0
behavior,last_token,13,0.01,800,200,0.91,0.87,0.95,0.896,0.8403200975046508,0.9485449900299102,0.9333333333333333,0.8720764119601329,0.9859154929577465,,,,,,,,,,,,,,,
strategy,last_token,13,10.0,800,200,0.995,0.985,1.0,,,,,,,1.0,1.0,1.0,1.0,1.0,1.0,0.9833333333333333,0.9464285714285714,1.0,,,,,,
stake_structure,last_token,13,1.0,800,200,0.995,0.985,1.0,,,,,,,,,,,,,,,,1.0,1.0,1.0,0.9916666666666667,0.9734454013906447,1.0
behavior,last_token,14,0.01,800,200,0.915,0.875,0.95,0.904,0.8481782834101382,0.9534883720930233,0.9333333333333333,0.8717857142857143,0.9848541383989146,,,,,,,,,,,,,,,
strategy,last_token,14,0.1,800,200,0.995,0.985,1.0,,,,,,,1.0,1.0,1.0,1.0,1.0,1.0,0.9833333333333333,0.9464285714285714,1.0,,,,,,
stake_structure,last_token,14,0.1,800,200,0.995,0.985,1.0,,,,,,,,,,,,,,,,1.0,1.0,1.0,0.9916666666666667,0.9734454013906447,1.0
behavior,last_token,15,0.001,800,200,0.905,0.864875,0.945,0.888,0.8307692307692308,0.9440328124999999,0.9333333333333333,0.8720764119601329,0.9859154929577465,,,,,,,,,,,,,,,
strategy,last_token,15,0.01,800,200,1.0,1.0,1.0,,,,,,,1.0,1.0,1.0,1.0,1.0,1.0,1.0,1.0,1.0,,,,,,
stake_structure,last_token,15,0.01,800,200,1.0,1.0,1.0,,,,,,,,,,,,,,,,1.0,1.0,1.0,1.0,1.0,1.0
behavior,last_token,16,0.01,800,200,0.92,0.88,0.955,0.912,0.8596491228070176,0.9612403100775194,0.9333333333333333,0.874955985915493,0.9855072463768116,,,,,,,,,,,,,,,
strategy,last_token,16,0.1,800,200,1.0,1.0,1.0,,,,,,,1.0,1.0,1.0,1.0,1.0,1.0,1.0,1.0,1.0,,,,,,
stake_structure,last_token,16,0.01,800,200,1.0,1.0,1.0,,,,,,,,,,,,,,,,1.0,1.0,1.0,1.0,1.0,1.0
behavior,last_token,17,1.0,800,200,0.92,0.88,0.955,0.912,0.8583754740834387,0.9600079365079365,0.9333333333333333,0.874955985915493,0.9855072463768116,,,,,,,,,,,,,,,
strategy,last_token,17,0.1,800,200,1.0,1.0,1.0,,,,,,,1.0,1.0,1.0,1.0,1.0,1.0,1.0,1.0,1.0,,,,,,
stake_structure,last_token,17,0.1,800,200,1.0,1.0,1.0,,,,,,,,,,,,,,,,1.0,1.0,1.0,1.0,1.0,1.0
behavior,last_token,18,0.001,800,200,0.885,0.84,0.93,0.872,0.8114754098360656,0.9285714285714286,0.9066666666666666,0.8332831325301205,0.9718407668231612,,,,,,,,,,,,,,,
strategy,last_token,18,0.1,800,200,1.0,1.0,1.0,,,,,,,1.0,1.0,1.0,1.0,1.0,1.0,1.0,1.0,1.0,,,,,,
stake_structure,last_token,18,0.1,800,200,1.0,1.0,1.0,,,,,,,,,,,,,,,,1.0,1.0,1.0,1.0,1.0,1.0
behavior,last_token,19,0.01,800,200,0.885,0.84,0.93,0.864,0.8032786885245902,0.9218915052816902,0.92,0.8484848484848485,0.9740342990342991,,,,,,,,,,,,,,,
strategy,last_token,19,0.1,800,200,1.0,1.0,1.0,,,,,,,1.0,1.0,1.0,1.0,1.0,1.0,1.0,1.0,1.0,,,,,,
stake_structure,last_token,19,0.001,800,200,1.0,1.0,1.0,,,,,,,,,,,,,,,,1.0,1.0,1.0,1.0,1.0,1.0
behavior,last_token,20,0.001,800,200,0.88,0.835,0.925,0.864,0.8016512527876164,0.921890140503876,0.9066666666666666,0.8332831325301205,0.9718407668231612,,,,,,,,,,,,,,,
strategy,last_token,20,0.1,800,200,1.0,1.0,1.0,,,,,,,1.0,1.0,1.0,1.0,1.0,1.0,1.0,1.0,1.0,,,,,,
stake_structure,last_token,20,0.01,800,200,1.0,1.0,1.0,,,,,,,,,,,,,,,,1.0,1.0,1.0,1.0,1.0,1.0
behavior,last_token,21,0.01,800,200,0.91,0.87,0.945,0.896,0.8412698412698413,0.9453230983527132,0.9333333333333333,0.8695473984319315,0.9859154929577465,,,,,,,,,,,,,,,
strategy,last_token,21,0.01,800,200,1.0,1.0,1.0,,,,,,,1.0,1.0,1.0,1.0,1.0,1.0,1.0,1.0,1.0,,,,,,
stake_structure,last_token,21,1.0,800,200,1.0,1.0,1.0,,,,,,,,,,,,,,,,1.0,1.0,1.0,1.0,1.0,1.0
behavior,last_token,22,0.01,800,200,0.915,0.875,0.95,0.904,0.8503838582677166,0.9516129032258065,0.9333333333333333,0.8695473984319315,0.9859154929577465,,,,,,,,,,,,,,,
strategy,last_token,22,0.1,800,200,1.0,1.0,1.0,,,,,,,1.0,1.0,1.0,1.0,1.0,1.0,1.0,1.0,1.0,,,,,,
stake_structure,last_token,22,1.0,800,200,1.0,1.0,1.0,,,,,,,,,,,,,,,,1.0,1.0,1.0,1.0,1.0,1.0
behavior,last_token,23,0.01,800,200,0.895,0.85,0.935,0.88,0.8220115061320105,0.934972462627852,0.92,0.8484848484848485,0.9740342990342991,,,,,,,,,,,,,,,
strategy,last_token,23,0.1,800,200,1.0,1.0,1.0,,,,,,,1.0,1.0,1.0,1.0,1.0,1.0,1.0,1.0,1.0,,,,,,
stake_structure,last_token,23,1.0,800,200,1.0,1.0,1.0,,,,,,,,,,,,,,,,1.0,1.0,1.0,1.0,1.0,1.0
behavior,last_token,24,0.01,800,200,0.9,0.86,0.94,0.888,0.8319720588235294,0.941188725490196,0.92,0.8554129561725161,0.974025974025974,,,,,,,,,,,,,,,
strategy,last_token,24,0.1,800,200,1.0,1.0,1.0,,,,,,,1.0,1.0,1.0,1.0,1.0,1.0,1.0,1.0,1.0,,,,,,
stake_structure,last_token,24,1.0,800,200,1.0,1.0,1.0,,,,,,,,,,,,,,,,1.0,1.0,1.0,1.0,1.0,1.0
behavior,last_token,25,0.01,800,200,0.89,0.845,0.93,0.888,0.831793654219728,0.941188725490196,0.8933333333333333,0.8181541019955655,0.9600131578947368,,,,,,,,,,,,,,,
strategy,last_token,25,0.1,800,200,1.0,1.0,1.0,,,,,,,1.0,1.0,1.0,1.0,1.0,1.0,1.0,1.0,1.0,,,,,,
stake_structure,last_token,25,0.01,800,200,1.0,1.0,1.0,,,,,,,,,,,,,,,,1.0,1.0,1.0,1.0,1.0,1.0
behavior,last_token,26,0.01,800,200,0.88,0.835,0.925,0.872,0.8129954268292683,0.9296875,0.8933333333333333,0.8181220095693781,0.9594861308677097,,,,,,,,,,,,,,,
strategy,last_token,26,0.1,800,200,1.0,1.0,1.0,,,,,,,1.0,1.0,1.0,1.0,1.0,1.0,1.0,1.0,1.0,,,,,,
stake_structure,last_token,26,1.0,800,200,1.0,1.0,1.0,,,,,,,,,,,,,,,,1.0,1.0,1.0,1.0,1.0,1.0
behavior,last_token,27,0.01,800,200,0.875,0.83,0.92,0.856,0.7919826086956522,0.916046437659033,0.9066666666666666,0.8333333333333334,0.9705882352941176,,,,,,,,,,,,,,,
strategy,last_token,27,0.1,800,200,1.0,1.0,1.0,,,,,,,1.0,1.0,1.0,1.0,1.0,1.0,1.0,1.0,1.0,,,,,,
stake_structure,last_token,27,0.01,800,200,1.0,1.0,1.0,,,,,,,,,,,,,,,,1.0,1.0,1.0,1.0,1.0,1.0
behavior,last_token,28,0.01,800,200,0.875,0.83,0.92,0.856,0.7919826086956522,0.916046437659033,0.9066666666666666,0.8333333333333334,0.9705882352941176,,,,,,,,,,,,,,,
strategy,last_token,28,0.1,800,200,1.0,1.0,1.0,,,,,,,1.0,1.0,1.0,1.0,1.0,1.0,1.0,1.0,1.0,,,,,,
stake_structure,last_token,28,0.01,800,200,1.0,1.0,1.0,,,,,,,,,,,,,,,,1.0,1.0,1.0,1.0,1.0,1.0
behavior,last_token,29,1.0,800,200,0.89,0.8498749999999999,0.935,0.888,0.8333015267175573,0.9431009047993706,0.8933333333333333,0.8205056179775281,0.9571579476861167,,,,,,,,,,,,,,,
strategy,last_token,29,0.1,800,200,1.0,1.0,1.0,,,,,,,1.0,1.0,1.0,1.0,1.0,1.0,1.0,1.0,1.0,,,,,,
stake_structure,last_token,29,1.0,800,200,1.0,1.0,1.0,,,,,,,,,,,,,,,,1.0,1.0,1.0,1.0,1.0,1.0
behavior,last_token,30,0.01,800,200,0.885,0.84,0.93,0.88,0.8239882352941176,0.9357853211009175,0.8933333333333333,0.8194444444444444,0.9594594594594594,,,,,,,,,,,,,,,
strategy,last_token,30,0.1,800,200,1.0,1.0,1.0,,,,,,,1.0,1.0,1.0,1.0,1.0,1.0,1.0,1.0,1.0,,,,,,
stake_structure,last_token,30,1.0,800,200,1.0,1.0,1.0,,,,,,,,,,,,,,,,1.0,1.0,1.0,1.0,1.0,1.0
behavior,last_token,31,0.001,800,200,0.855,0.805,0.905,0.84,0.7723577235772358,0.90625,0.88,0.8,0.9540360501567398,,,,,,,,,,,,,,,
strategy,last_token,31,0.1,800,200,1.0,1.0,1.0,,,,,,,1.0,1.0,1.0,1.0,1.0,1.0,1.0,1.0,1.0,,,,,,
stake_structure,last_token,31,0.01,800,200,1.0,1.0,1.0,,,,,,,,,,,,,,,,1.0,1.0,1.0,1.0,1.0,1.0
behavior,last_token,32,0.001,800,200,0.86,0.81,0.91,0.848,0.7825923504413207,0.9090909090909091,0.88,0.8,0.9540360501567398,,,,,,,,,,,,,,,
strategy,last_token,32,0.1,800,200,1.0,1.0,1.0,,,,,,,1.0,1.0,1.0,1.0,1.0,1.0,1.0,1.0,1.0,,,,,,
stake_structure,last_token,32,1.0,800,200,1.0,1.0,1.0,,,,,,,,,,,,,,,,1.0,1.0,1.0,1.0,1.0,1.0
behavior,mean_pooled,0,0.001,800,200,0.795,0.74,0.845,0.824,0.7543755221386801,0.8916826923076924,0.7466666666666667,0.6363329238329238,0.8428571428571429,,,,,,,,,,,,,,,
strategy,mean_pooled,0,0.001,800,200,0.895,0.85,0.94,,,,,,,0.95,0.9024390243902439,0.9883754343758353,0.9666666666666667,0.9166666666666666,1.0,0.75,0.6345833333333333,0.8571428571428571,,,,,,
stake_structure,mean_pooled,0,0.1,800,200,0.935,0.9,0.965,,,,,,,,,,,,,,,,0.925,0.8607521342360906,0.9767508687516706,0.9416666666666667,0.8956521739130435,0.9818262987012987
behavior,mean_pooled,1,0.001,800,200,0.81,0.755,0.86,0.824,0.7543755221386801,0.8916826923076924,0.7866666666666666,0.6856947162426614,0.8767123287671232,,,,,,,,,,,,,,,
strategy,mean_pooled,1,10.0,800,200,0.92,0.88,0.955,,,,,,,0.9625,0.9210526315789473,1.0,0.95,0.8870967741935484,1.0,0.8333333333333334,0.7246376811594203,0.9230769230769231,,,,,,
stake_structure,mean_pooled,1,0.1,800,200,0.96,0.93,0.985,,,,,,,,,,,,,,,,0.95,0.898709004602992,0.9885057471264368,0.9666666666666667,0.9279981981981983,0.9923076923076923
behavior,mean_pooled,2,0.001,800,200,0.805,0.75,0.86,0.792,0.7178294573643411,0.8617956265769554,0.8266666666666667,0.7406881313131313,0.9102611940298507,,,,,,,,,,,,,,,
strategy,mean_pooled,2,1.0,800,200,0.915,0.875,0.955,,,,,,,0.975,0.9375,1.0,0.95,0.8870891661594644,1.0,0.8,0.6984052111410601,0.8970899800598205,,,,,,
stake_structure,mean_pooled,2,1.0,800,200,0.975,0.95,0.995,,,,,,,,,,,,,,,,0.9875,0.9577313883299798,1.0,0.9666666666666667,0.9262142663595719,0.992312030075188
behavior,mean_pooled,3,0.001,800,200,0.8,0.749875,0.855,0.808,0.7363173773129525,0.8750242248062016,0.7866666666666666,0.6933333333333334,0.8780570204350692,,,,,,,,,,,,,,,
strategy,mean_pooled,3,0.1,800,200,0.945,0.914875,0.975,,,,,,,0.975,0.9354733975701717,1.0,0.9833333333333333,0.944424882629108,1.0,0.8666666666666667,0.7735435286329031,0.9482977790765634,,,,,,
stake_structure,mean_pooled,3,1.0,800,200,0.975,0.95,0.995,,,,,,,,,,,,,,,,0.9875,0.9599864864864864,1.0,0.9666666666666667,0.9267928649435748,0.9923076923076923
behavior,mean_pooled,4,0.001,800,200,0.825,0.77,0.88,0.824,0.7542372881355932,0.8899294580217408,0.8266666666666667,0.742825040128411,0.9090909090909091,,,,,,,,,,,,,,,
strategy,mean_pooled,4,0.1,800,200,0.965,0.94,0.9851249999999999,,,,,,,1.0,1.0,1.0,0.9833333333333333,0.944424882629108,1.0,0.9,0.8269021739130434,0.9666666666666667,,,,,,
stake_structure,mean_pooled,4,1.0,800,200,0.995,0.985,1.0,,,,,,,,,,,,,,,,1.0,1.0,1.0,0.9916666666666667,0.9734454013906447,1.0
behavior,mean_pooled,5,0.001,800,200,0.805,0.75,0.86,0.816,0.7401494782664362,0.8823529411764706,0.7866666666666666,0.7012662337662338,0.8795301204819277,,,,,,,,,,,,,,,
strategy,mean_pooled,5,0.1,800,200,0.98,0.96,0.995,,,,,,,1.0,1.0,1.0,1.0,1.0,1.0,0.9333333333333333,0.8695652173913043,0.984375,,,,,,
stake_structure,mean_pooled,5,0.1,800,200,0.995,0.985,1.0,,,,,,,,,,,,,,,,1.0,1.0,1.0,0.9916666666666667,0.9734454013906447,1.0
behavior,mean_pooled,6,0.001,800,200,0.805,0.75,0.855,0.824,0.754224639514293,0.8888888888888888,0.7733333333333333,0.6790123456790124,0.8571428571428571,,,,,,,,,,,,,,,
strategy,mean_pooled,6,0.1,800,200,0.98,0.96,0.995,,,,,,,1.0,1.0,1.0,1.0,1.0,1.0,0.9333333333333333,0.8666346153846154,0.9848484848484849,,,,,,
stake_structure,mean_pooled,6,0.1,800,200,1.0,1.0,1.0,,,,,,,,,,,,,,,,1.0,1.0,1.0,1.0,1.0,1.0
behavior,mean_pooled,7,0.001,800,200,0.83,0.78,0.88,0.848,0.7829373104145602,0.9062632415254237,0.8,0.7092912864292023,0.8815982972136223,,,,,,,,,,,,,,,
strategy,mean_pooled,7,0.01,800,200,0.98,0.96,0.995,,,,,,,1.0,1.0,1.0,1.0,1.0,1.0,0.9333333333333333,0.8666346153846154,0.9848484848484849,,,,,,
stake_structure,mean_pooled,7,0.1,800,200,1.0,1.0,1.0,,,,,,,,,,,,,,,,1.0,1.0,1.0,1.0,1.0,1.0
behavior,mean_pooled,8,0.001,800,200,0.855,0.805,0.9,0.84,0.7741865357643759,0.901793518981019,0.88,0.8055465367965369,0.9473855092276144,,,,,,,,,,,,,,,
strategy,mean_pooled,8,0.1,800,200,0.975,0.955,0.995,,,,,,,1.0,1.0,1.0,1.0,1.0,1.0,0.9166666666666666,0.8420843776106933,0.9824561403508771,,,,,,
stake_structure,mean_pooled,8,0.001,800,200,1.0,1.0,1.0,,,,,,,,,,,,,,,,1.0,1.0,1.0,1.0,1.0,1.0
behavior,mean_pooled,9,0.01,800,200,0.87,0.82,0.915,0.864,0.8032754614689557,0.9230769230769231,0.88,0.8055465367965369,0.9436619718309859,,,,,,,,,,,,,,,
strategy,mean_pooled,9,0.1,800,200,0.985,0.965,1.0,,,,,,,1.0,1.0,1.0,1.0,1.0,1.0,0.95,0.8888888888888888,1.0,,,,,,
stake_structure,mean_pooled,9,0.01,800,200,1.0,1.0,1.0,,,,,,,,,,,,,,,,1.0,1.0,1.0,1.0,1.0,1.0
behavior,mean_pooled,10,0.001,800,200,0.855,0.805,0.9,0.856,0.7890513846544716,0.9153991596638655,0.8533333333333334,0.7763157894736842,0.9285714285714286,,,,,,,,,,,,,,,
strategy,mean_pooled,10,0.1,800,200,0.99,0.975,1.0,,,,,,,1.0,1.0,1.0,1.0,1.0,1.0,0.9666666666666667,0.9154869897350203,1.0,,,,,,
stake_structure,mean_pooled,10,0.01,800,200,1.0,1.0,1.0,,,,,,,,,,,,,,,,1.0,1.0,1.0,1.0,1.0,1.0
behavior,mean_pooled,11,0.001,800,200,0.865,0.815,0.91,0.856,0.7890513846544716,0.9153991596638655,0.88,0.8055555555555556,0.9473684210526315,,,,,,,,,,,,,,,
strategy,mean_pooled,11,0.1,800,200,1.0,1.0,1.0,,,,,,,1.0,1.0,1.0,1.0,1.0,1.0,1.0,1.0,1.0,,,,,,
stake_structure,mean_pooled,11,0.01,800,200,1.0,1.0,1.0,,,,,,,,,,,,,,,,1.0,1.0,1.0,1.0,1.0,1.0
behavior,mean_pooled,12,0.001,800,200,0.88,0.835,0.925,0.864,0.7985027593126802,0.9196517857142856,0.9066666666666666,0.8353902953586498,0.9677908113391984,,,,,,,,,,,,,,,
strategy,mean_pooled,12,0.1,800,200,0.995,0.985,1.0,,,,,,,1.0,1.0,1.0,1.0,1.0,1.0,0.9833333333333333,0.9419857235561323,1.0,,,,,,
stake_structure,mean_pooled,12,0.001,800,200,1.0,1.0,1.0,,,,,,,,,,,,,,,,1.0,1.0,1.0,1.0,1.0,1.0
behavior,mean_pooled,13,0.001,800,200,0.9,0.859875,0.94,0.88,0.8197984622553588,0.934972462627852,0.9333333333333333,0.8735595809690092,0.9857193158953723,,,,,,,,,,,,,,,
strategy,mean_pooled,13,0.1,800,200,1.0,1.0,1.0,,,,,,,1.0,1.0,1.0,1.0,1.0,1.0,1.0,1.0,1.0,,,,,,
stake_structure,mean_pooled,13,0.01,800,200,1.0,1.0,1.0,,,,,,,,,,,,,,,,1.0,1.0,1.0,1.0,1.0,1.0
behavior,mean_pooled,14,0.001,800,200,0.895,0.85,0.935,0.888,0.8318340057261843,0.9391304347826087,0.9066666666666666,0.8333333333333334,0.9692537313432835,,,,,,,,,,,,,,,
strategy,mean_pooled,14,0.1,800,200,0.99,0.975,1.0,,,,,,,1.0,1.0,1.0,1.0,1.0,1.0,0.9666666666666667,0.9166666666666666,1.0,,,,,,
stake_structure,mean_pooled,14,0.001,800,200,1.0,1.0,1.0,,,,,,,,,,,,,,,,1.0,1.0,1.0,1.0,1.0,1.0
behavior,mean_pooled,15,0.001,800,200,0.89,0.845,0.93,0.88,0.8211321441572625,0.9338978458203495,0.9066666666666666,0.8309859154929577,0.9692537313432835,,,,,,,,,,,,,,,
strategy,mean_pooled,15,0.1,800,200,0.99,0.975,1.0,,,,,,,1.0,1.0,1.0,1.0,1.0,1.0,0.9666666666666667,0.9166666666666666,1.0,,,,,,
stake_structure,mean_pooled,15,0.001,800,200,1.0,1.0,1.0,,,,,,,,,,,,,,,,1.0,1.0,1.0,1.0,1.0,1.0
behavior,mean_pooled,16,0.001,800,200,0.87,0.825,0.915,0.88,0.8229891838741396,0.936,0.8533333333333334,0.7692307692307693,0.9285924369747899,,,,,,,,,,,,,,,
strategy,mean_pooled,16,0.1,800,200,0.99,0.975,1.0,,,,,,,1.0,1.0,1.0,1.0,1.0,1.0,0.9666666666666667,0.9193301514154049,1.0,,,,,,
stake_structure,mean_pooled,16,0.01,800,200,1.0,1.0,1.0,,,,,,,,,,,,,,,,1.0,1.0,1.0,1.0,1.0,1.0
behavior,mean_pooled,17,0.01,800,200,0.9,0.855,0.94,0.912,0.8606509721692718,0.9600079365079365,0.88,0.8,0.9473684210526315,,,,,,,,,,,,,,,
strategy,mean_pooled,17,0.01,800,200,0.995,0.985,1.0,,,,,,,1.0,1.0,1.0,1.0,1.0,1.0,0.9833333333333333,0.9419857235561323,1.0,,,,,,
stake_structure,mean_pooled,17,0.1,800,200,1.0,1.0,1.0,,,,,,,,,,,,,,,,1.0,1.0,1.0,1.0,1.0,1.0
behavior,mean_pooled,18,0.001,800,200,0.86,0.81,0.905,0.864,0.8,0.9218884698275862,0.8533333333333334,0.7680990899898887,0.9285714285714286,,,,,,,,,,,,,,,
strategy,mean_pooled,18,10.0,800,200,0.995,0.985,1.0,,,,,,,1.0,1.0,1.0,1.0,1.0,1.0,0.9833333333333333,0.9419857235561323,1.0,,,,,,
stake_structure,mean_pooled,18,0.01,800,200,1.0,1.0,1.0,,,,,,,,,,,,,,,,1.0,1.0,1.0,1.0,1.0,1.0
behavior,mean_pooled,19,0.001,800,200,0.87,0.825,0.915,0.864,0.8,0.9218884698275862,0.88,0.8,0.948051948051948,,,,,,,,,,,,,,,
strategy,mean_pooled,19,10.0,800,200,0.995,0.985,1.0,,,,,,,1.0,1.0,1.0,1.0,1.0,1.0,0.9833333333333333,0.9419857235561323,1.0,,,,,,
stake_structure,mean_pooled,19,0.001,800,200,0.995,0.985,1.0,,,,,,,,,,,,,,,,1.0,1.0,1.0,0.9916666666666667,0.9739073226544623,1.0
behavior,mean_pooled,20,0.001,800,200,0.855,0.809875,0.905,0.864,0.8,0.9218884698275862,0.84,0.7564102564102564,0.9178630136986301,,,,,,,,,,,,,,,
strategy,mean_pooled,20,0.01,800,200,0.995,0.985,1.0,,,,,,,1.0,1.0,1.0,1.0,1.0,1.0,0.9833333333333333,0.9419857235561323,1.0,,,,,,
stake_structure,mean_pooled,20,0.1,800,200,1.0,1.0,1.0,,,,,,,,,,,,,,,,1.0,1.0,1.0,1.0,1.0,1.0
behavior,mean_pooled,21,0.001,800,200,0.855,0.81,0.905,0.864,0.8,0.9218884698275862,0.84,0.7557647584973166,0.92,,,,,,,,,,,,,,,
strategy,mean_pooled,21,0.1,800,200,0.995,0.985,1.0,,,,,,,1.0,1.0,1.0,1.0,1.0,1.0,0.9833333333333333,0.9419857235561323,1.0,,,,,,
stake_structure,mean_pooled,21,0.001,800,200,1.0,1.0,1.0,,,,,,,,,,,,,,,,1.0,1.0,1.0,1.0,1.0,1.0
behavior,mean_pooled,22,0.001,800,200,0.845,0.795,0.895,0.864,0.8,0.9218884698275862,0.8133333333333334,0.7257931584544488,0.9,,,,,,,,,,,,,,,
strategy,mean_pooled,22,0.01,800,200,0.995,0.985,1.0,,,,,,,1.0,1.0,1.0,1.0,1.0,1.0,0.9833333333333333,0.9419857235561323,1.0,,,,,,
stake_structure,mean_pooled,22,0.001,800,200,0.995,0.985,1.0,,,,,,,,,,,,,,,,1.0,1.0,1.0,0.9916666666666667,0.9739073226544623,1.0
behavior,mean_pooled,23,0.001,800,200,0.845,0.795,0.895,0.864,0.8,0.9218884698275862,0.8133333333333334,0.719948717948718,0.8985869565217391,,,,,,,,,,,,,,,
strategy,mean_pooled,23,0.1,800,200,1.0,1.0,1.0,,,,,,,1.0,1.0,1.0,1.0,1.0,1.0,1.0,1.0,1.0,,,,,,
stake_structure,mean_pooled,23,0.001,800,200,0.995,0.985,1.0,,,,,,,,,,,,,,,,1.0,1.0,1.0,0.9916666666666667,0.9739073226544623,1.0
behavior,mean_pooled,24,0.001,800,200,0.85,0.8,0.9,0.864,0.8,0.9218884698275862,0.8266666666666667,0.7386079545454546,0.9091200466200465,,,,,,,,,,,,,,,
strategy,mean_pooled,24,0.01,800,200,0.995,0.985,1.0,,,,,,,1.0,1.0,1.0,1.0,1.0,1.0,0.9833333333333333,0.9419857235561323,1.0,,,,,,
stake_structure,mean_pooled,24,0.001,800,200,0.995,0.985,1.0,,,,,,,,,,,,,,,,0.9875,0.9577313883299798,1.0,1.0,1.0,1.0
behavior,mean_pooled,25,0.001,800,200,0.85,0.8,0.9,0.864,0.8,0.9218884698275862,0.8266666666666667,0.7386079545454546,0.9091200466200465,,,,,,,,,,,,,,,
strategy,mean_pooled,25,0.01,800,200,0.995,0.985,1.0,,,,,,,1.0,1.0,1.0,1.0,1.0,1.0,0.9833333333333333,0.9419857235561323,1.0,,,,,,
stake_structure,mean_pooled,25,0.001,800,200,0.995,0.985,1.0,,,,,,,,,,,,,,,,0.9875,0.9577313883299798,1.0,1.0,1.0,1.0
behavior,mean_pooled,26,0.001,800,200,0.86,0.815,0.91,0.864,0.8,0.9218884698275862,0.8533333333333334,0.7692307692307693,0.9294117647058824,,,,,,,,,,,,,,,
strategy,mean_pooled,26,0.1,800,200,0.99,0.975,1.0,,,,,,,1.0,1.0,1.0,1.0,1.0,1.0,0.9666666666666667,0.9137552934059286,1.0,,,,,,
stake_structure,mean_pooled,26,0.001,800,200,0.985,0.965,1.0,,,,,,,,,,,,,,,,0.9875,0.9577313883299798,1.0,0.9833333333333333,0.9586776859504132,1.0
behavior,mean_pooled,27,0.001,800,200,0.865,0.82,0.915,0.872,0.8090810276679842,0.9266110986797941,0.8533333333333334,0.7692307692307693,0.9294117647058824,,,,,,,,,,,,,,,
strategy,mean_pooled,27,0.01,800,200,0.99,0.975,1.0,,,,,,,1.0,1.0,1.0,1.0,1.0,1.0,0.9666666666666667,0.9137552934059286,1.0,,,,,,
stake_structure,mean_pooled,27,0.001,800,200,0.985,0.965,1.0,,,,,,,,,,,,,,,,0.9875,0.9577313883299798,1.0,0.9833333333333333,0.9586776859504132,1.0
behavior,mean_pooled,28,0.001,800,200,0.855,0.805,0.905,0.864,0.8015267175572519,0.9212886912842791,0.84,0.7557647584973166,0.92,,,,,,,,,,,,,,,
strategy,mean_pooled,28,0.1,800,200,0.995,0.985,1.0,,,,,,,1.0,1.0,1.0,1.0,1.0,1.0,0.9833333333333333,0.9419857235561323,1.0,,,,,,
stake_structure,mean_pooled,28,0.1,800,200,0.995,0.985,1.0,,,,,,,,,,,,,,,,1.0,1.0,1.0,0.9916666666666667,0.9739073226544623,1.0
behavior,mean_pooled,29,0.001,800,200,0.84,0.79,0.89,0.864,0.8015267175572519,0.9212886912842791,0.8,0.7083173076923077,0.8919022869022869,,,,,,,,,,,,,,,
strategy,mean_pooled,29,0.01,800,200,0.995,0.985,1.0,,,,,,,1.0,1.0,1.0,1.0,1.0,1.0,0.9833333333333333,0.9419857235561323,1.0,,,,,,
stake_structure,mean_pooled,29,0.01,800,200,1.0,1.0,1.0,,,,,,,,,,,,,,,,1.0,1.0,1.0,1.0,1.0,1.0
behavior,mean_pooled,30,0.001,800,200,0.845,0.795,0.8901249999999999,0.864,0.8015267175572519,0.9212886912842791,0.8133333333333334,0.7249671052631579,0.9000308641975309,,,,,,,,,,,,,,,
strategy,mean_pooled,30,0.1,800,200,0.995,0.985,1.0,,,,,,,1.0,1.0,1.0,1.0,1.0,1.0,0.9833333333333333,0.9419857235561323,1.0,,,,,,
stake_structure,mean_pooled,30,0.001,800,200,0.99,0.975,1.0,,,,,,,,,,,,,,,,0.9875,0.9577313883299798,1.0,0.9916666666666667,0.9734454013906447,1.0
behavior,mean_pooled,31,0.001,800,200,0.85,0.8,0.9,0.864,0.8015267175572519,0.9212886912842791,0.8266666666666667,0.7424120234604106,0.9090909090909091,,,,,,,,,,,,,,,
strategy,mean_pooled,31,0.1,800,200,0.995,0.985,1.0,,,,,,,1.0,1.0,1.0,1.0,1.0,1.0,0.9833333333333333,0.9419857235561323,1.0,,,,,,
stake_structure,mean_pooled,31,0.001,800,200,0.99,0.975,1.0,,,,,,,,,,,,,,,,0.9875,0.9577313883299798,1.0,0.9916666666666667,0.9734454013906447,1.0
behavior,mean_pooled,32,0.001,800,200,0.835,0.78,0.885,0.848,0.7833152173913044,0.9091095380029806,0.8133333333333334,0.7260085804606353,0.8965644016227181,,,,,,,,,,,,,,,
strategy,mean_pooled,32,0.01,800,200,0.99,0.975,1.0,,,,,,,1.0,1.0,1.0,1.0,1.0,1.0,0.9666666666666667,0.9137552934059286,1.0,,,,,,
stake_structure,mean_pooled,32,0.1,800,200,0.99,0.975,1.0,,,,,,,,,,,,,,,,1.0,1.0,1.0,0.9833333333333333,0.9586776859504132,1.0
